Run Index, Segregation Time steps (f045_s040_t00)
1, 2250000
2, 583000
3, 357000
4, 454000
5, 329000
6, 485000
7, 1211000
8, 722000
9, 206000
10, 419000
11, 333000
12, 274000
13, 548000
14, 327000
15, 493000
16, 266000
17, 574000
18, 862000
19, 796000
20, 654000
21, 1641000
22, 1826000
23, 263000
24, 1134000
25, 371000
26, 483000
27, 338000
28, 614000
29, 443000
30, 1802000
31, 558000
32, 940000
33, 1301000
34, 489000
35, 267000
36, 493000
37, 465000
38, 447000
39, 326000
40, 707000
41, 1183000
42, 616000
43, 1161000
44, 515000
45, 292000
46, 337000
47, 394000
48, 1797000
49, 332000
50, 392000
